{
    "interactionModel": {
        "languageModel": {
            "invocationName": "battle master",
            "intents": [{
                    "name": "AMAZON.FallbackIntent",
                    "samples": []
                },
                {
                    "name": "AMAZON.CancelIntent",
                    "samples": []
                },
                {
                    "name": "AMAZON.HelpIntent",
                    "samples": []
                },
                {
                    "name": "AMAZON.StopIntent",
                    "samples": []
                },
                {
                    "name": "AMAZON.NavigateHomeIntent",
                    "samples": []
                },
                {
                    "name": "WhatIs",
                    "slots": [],
                    "samples": []
                },
                {
                    "name": "HowTo",
                    "slots": [],
                    "samples": []
                },
                {
                    "name": "MainMenu",
                    "slots": [],
                    "samples": []
                },
                {
                    "name": "Terms",
                    "slots": [{
                        "name": "term",
                        "type": "Terminologies"
                    }],
                    "samples": [
                        "what does {term} mean",
                        "what is {term}",
                        "can you tell me what {term} means",
                        "explain {term}"
                    ]
                }
            ],
            "types": [{
                "name": "Terminologies",
                "values": [{
                        "name": {
                            "value": "Banding",
                            "synonyms": [
                                "banded",
                                "banding"
                            ]
                        }
                    },
                    {
                        "name": {
                            "value": "Madness",
                            "synonyms": [
                                "madness"
                            ]
                        }
                    },
                    {
                        "name": {
                            "value": "Flanking",
                            "synonyms": [
                                "flanking"
                            ]
                        }
                    },
                    {
                        "name": {
                            "value": "Rampage",
                            "synonyms": [
                                "rampage"
                            ]
                        }
                    },
                    {
                        "name": {
                            "value": "Storm",
                            "synonyms": [
                                "storm"
                            ]
                        }
                    },
                    {
                        "name": {
                            "value": "Trample",
                            "synonyms": [
                                "trample"
                            ]
                        }
                    },
                    {
                        "name": {
                            "value": "Soulshift",
                            "synonyms": [
                                "soul shift"
                            ]
                        }
                    },
                    {
                        "name": {
                            "value": "Provoke",
                            "synonyms": [
                                "provoke"
                            ]
                        }
                    },
                    {
                        "name": {
                            "value": "Amplify",
                            "synonyms": [
                                "amplify"
                            ]
                        }
                    },
                    {
                        "name": {
                            "value": "Bushido",
                            "synonyms": [
                                "bus she do",
                                "bush he do"
                            ]
                        }
                    },
                    {
                        "name": {
                            "value": "Vanishing",
                            "synonyms": [
                                "vanishing"
                            ]
                        }
                    },
                    {
                        "name": {
                            "value": "Affinity",
                            "synonyms": [
                                "affinity"
                            ]
                        }
                    },
                    {
                        "name": {
                            "value": "Horsemanship",
                            "synonyms": [
                                "horse man ship",
                                "horseman ship"
                            ]
                        }
                    },
                    {
                        "name": {
                            "value": "Protection",
                            "synonyms": [
                                "protected",
                                "protection"
                            ]
                        }
                    },
                    {
                        "name": {
                            "value": "Kicker",
                            "synonyms": [
                                "multi-kicker",
                                "multi kicker",
                                "kicker"
                            ]
                        }
                    },
                    {
                        "name": {
                            "value": "Flashback",
                            "synonyms": [
                                "flash back"
                            ]
                        }
                    },
                    {
                        "name": {
                            "value": "Fading",
                            "synonyms": [
                                "fading"
                            ]
                        }
                    },
                    {
                        "name": {
                            "value": "Evergreen",
                            "synonyms": [
                                "ever green"
                            ]
                        }
                    },
                    {
                        "name": {
                            "value": "Echo",
                            "synonyms": [
                                "echo"
                            ]
                        }
                    },
                    {
                        "name": {
                            "value": "Phasing",
                            "synonyms": [
                                "phasing"
                            ]
                        }
                    },
                    {
                        "name": {
                            "value": "Double strike",
                            "synonyms": [
                                "double strike"
                            ]
                        }
                    },
                    {
                        "name": {
                            "value": "Lifelink",
                            "synonyms": [
                                "life link"
                            ]
                        }
                    },
                    {
                        "name": {
                            "value": "Cycling",
                            "synonyms": [
                                "cycling"
                            ]
                        }
                    },
                    {
                        "name": {
                            "value": "Cumulative upkeep",
                            "synonyms": [
                                "cumulative upkeep"
                            ]
                        }
                    },
                    {
                        "name": {
                            "value": "Shadow",
                            "synonyms": [
                                "shadow"
                            ]
                        }
                    },
                    {
                        "name": {
                            "value": "Reach",
                            "synonyms": [
                                "reach"
                            ]
                        }
                    },
                    {
                        "name": {
                            "value": "Modular",
                            "synonyms": [
                                "modular"
                            ]
                        }
                    },
                    {
                        "name": {
                            "value": "Intimidate",
                            "synonyms": [
                                "intimidate"
                            ]
                        }
                    },
                    {
                        "name": {
                            "value": "Flying",
                            "synonyms": [
                                "flying"
                            ]
                        }
                    },
                    {
                        "name": {
                            "value": "First strike",
                            "synonyms": [
                                "first strike"
                            ]
                        }
                    },
                    {
                        "name": {
                            "value": "Defender",
                            "synonyms": [
                                "defender"
                            ]
                        }
                    },
                    {
                        "name": {
                            "value": "Hexproof",
                            "synonyms": [
                                "hex proof"
                            ]
                        }
                    },
                    {
                        "name": {
                            "value": "Fear",
                            "synonyms": [
                                "fear"
                            ]
                        }
                    },
                    {
                        "name": {
                            "value": "Flash",
                            "synonyms": [
                                "flash"
                            ]
                        }
                    },
                    {
                        "name": {
                            "value": "Buyback",
                            "synonyms": [
                                "buy back"
                            ]
                        }
                    },
                    {
                        "name": {
                            "value": "Vigilance",
                            "synonyms": [
                                "vigilance"
                            ]
                        }
                    },
                    {
                        "name": {
                            "value": "Splice",
                            "synonyms": [
                                "splice"
                            ]
                        }
                    },
                    {
                        "name": {
                            "value": "Deathtouch",
                            "synonyms": [
                                "death touched",
                                "death touch",
                                "deathtouch"
                            ]
                        }
                    },
                    {
                        "name": {
                            "value": "Entwine",
                            "synonyms": [
                                "entwine"
                            ]
                        }
                    },
                    {
                        "name": {
                            "value": "Activated ability",
                            "synonyms": [
                                "activated ability"
                            ]
                        }
                    },
                    {
                        "name": {
                            "value": "Indestructible",
                            "synonyms": [
                                "indestructible"
                            ]
                        }
                    },
                    {
                        "name": {
                            "value": "Shroud",
                            "synonyms": [
                                "shourd"
                            ]
                        }
                    },
                    {
                        "name": {
                            "value": "Modal",
                            "synonyms": [
                                "modal"
                            ]
                        }
                    },
                    {
                        "name": {
                            "value": "Morph",
                            "synonyms": [
                                "morpher",
                                "morphing",
                                "morph"
                            ]
                        }
                    },
                    {
                        "name": {
                            "value": "Landwalk",
                            "synonyms": [
                                "landwalk",
                                "land walk"
                            ]
                        }
                    },
                    {
                        "name": {
                            "value": "Haste",
                            "synonyms": [
                                "haste"
                            ]
                        }
                    },
                    {
                        "name": {
                            "value": "Sunburst",
                            "synonyms": [
                                "sunburst",
                                "sun burst"
                            ]
                        }
                    }
                ]
            }]
        }
    }
}